Rank,Title,Genre
1,Guardians of the Galaxy,"Action,Adventure,Sci-Fi"
2,Prometheus,"Adventure,Mystery,Sci-Fi"
3,Split,"Horror,Thriller"
4,Sing,"Animation,Comedy,Family"
5,Suicide Squad,"Action,Adventure,Fantasy"
6,The Great Wall,"Action,Adventure,Fantasy"
7,La La Land,"Comedy,Drama,Music"
8,Mindhorn,Comedy
9,The Lost City of Z,"Action,Adventure,Biography"
10,Passengers,"Adventure,Drama,Romance"
11,Fantastic Beasts and Where to Find Them,"Adventure,Family,Fantasy"
12,Hidden Figures,"Biography,Drama,History"
13,Rogue One,"Action,Adventure,Sci-Fi"
14,Moana,"Animation,Adventure,Comedy"
15,Colossal,"Action,Comedy,Drama"
16,The Secret Life of Pets,"Animation,Adventure,Comedy"
17,Hacksaw Ridge,"Biography,Drama,History"
18,Jason Bourne,"Action,Thriller"
19,Lion,"Biography,Drama"
20,Arrival,"Drama,Mystery,Sci-Fi"
21,Gold,"Adventure,Drama,Thriller"
22,Manchester by the Sea,Drama
23,Hounds of Love,"Crime,Drama,Horror"
24,Trolls,"Animation,Adventure,Comedy"
25,Independence Day: Resurgence,"Action,Adventure,Sci-Fi"
26,Paris pieds nus,Comedy
27,Bahubali: The Beginning,"Action,Adventure,Drama"
28,Dead Awake,"Horror,Thriller"
29,Bad Moms,Comedy
30,Assassin's Creed,"Action,Adventure,Drama"
31,Why Him?,Comedy
32,Nocturnal Animals,"Drama,Thriller"
33,X-Men: Apocalypse,"Action,Adventure,Sci-Fi"
34,Deadpool,"Action,Adventure,Comedy"
35,Resident Evil: The Final Chapter,"Action,Horror,Sci-Fi"
36,Captain America: Civil War,"Action,Adventure,Sci-Fi"
37,Interstellar,"Adventure,Drama,Sci-Fi"
38,Doctor Strange,"Action,Adventure,Fantasy"
39,The Magnificent Seven,"Action,Adventure,Western"
40,5/25/1977,"Comedy,Drama"
41,Sausage Party,"Animation,Adventure,Comedy"
42,Moonlight,Drama
43,Don't Fuck in the Woods,Horror
44,The Founder,"Biography,Drama,History"
45,Lowriders,Drama
46,Pirates of the Caribbean: On Stranger Tides,"Action,Adventure,Fantasy"
47,Miss Sloane,"Drama,Thriller"
48,Fallen,"Adventure,Drama,Fantasy"
49,Star Trek Beyond,"Action,Adventure,Sci-Fi"
50,The Last Face,Drama
51,Star Wars: Episode VII - The Force Awakens,"Action,Adventure,Fantasy"
52,Underworld: Blood Wars,"Action,Adventure,Fantasy"
53,Mother's Day,"Comedy,Drama"
54,John Wick,"Action,Crime,Thriller"
55,The Dark Knight,"Action,Crime,Drama"
56,Silence,"Adventure,Drama,History"
57,Don't Breathe,"Crime,Horror,Thriller"
58,Me Before You,"Drama,Romance"
59,Their Finest,"Comedy,Drama,Romance"
60,Sully,"Biography,Drama"
61,Batman v Superman: Dawn of Justice,"Action,Adventure,Sci-Fi"
62,The Autopsy of Jane Doe,"Horror,Mystery,Thriller"
63,The Girl on the Train,"Crime,Drama,Mystery"
64,Fifty Shades of Grey,"Drama,Romance,Thriller"
65,The Prestige,"Drama,Mystery,Sci-Fi"
66,Kingsman: The Secret Service,"Action,Adventure,Comedy"
67,Patriots Day,"Drama,History,Thriller"
68,Mad Max: Fury Road,"Action,Adventure,Sci-Fi"
69,Wakefield,Drama
70,Deepwater Horizon,"Action,Drama,Thriller"
71,The Promise,"Drama,History"
72,Allied,"Action,Drama,Romance"
73,A Monster Calls,"Drama,Fantasy"
74,Collateral Beauty,"Drama,Romance"
75,Zootopia,"Animation,Adventure,Comedy"
76,Pirates of the Caribbean: At World's End,"Action,Adventure,Fantasy"
77,The Avengers,"Action,Sci-Fi"
78,Inglourious Basterds,"Adventure,Drama,War"
79,Pirates of the Caribbean: Dead Man's Chest,"Action,Adventure,Fantasy"
80,Ghostbusters,"Action,Comedy,Fantasy"
81,Inception,"Action,Adventure,Sci-Fi"
82,Captain Fantastic,"Comedy,Drama"
83,The Wolf of Wall Street,"Biography,Comedy,Crime"
84,Gone Girl,"Crime,Drama,Mystery"
85,Furious Seven,"Action,Crime,Thriller"
86,Jurassic World,"Action,Adventure,Sci-Fi"
87,Live by Night,"Crime,Drama"
88,Avatar,"Action,Adventure,Fantasy"
89,The Hateful Eight,"Crime,Drama,Mystery"
90,The Accountant,"Action,Crime,Drama"
91,Prisoners,"Crime,Drama,Mystery"
92,Warcraft,"Action,Adventure,Fantasy"
93,The Help,Drama
94,War Dogs,"Comedy,Crime,Drama"
95,Avengers: Age of Ultron,"Action,Adventure,Sci-Fi"
96,The Nice Guys,"Action,Comedy,Crime"
97,Kimi no na wa,"Animation,Drama,Fantasy"
98,The Void,"Horror,Mystery,Sci-Fi"
99,Personal Shopper,"Drama,Mystery,Thriller"
100,The Departed,"Crime,Drama,Thriller"
101,Legend,"Biography,Crime,Drama"
102,Thor,"Action,Adventure,Fantasy"
103,The Martian,"Adventure,Drama,Sci-Fi"
104,Contratiempo,"Crime,Mystery,Thriller"
105,The Man from U.N.C.L.E.,"Action,Adventure,Comedy"
106,Hell or High Water,"Crime,Drama,Thriller"
107,The Comedian,Comedy
108,The Legend of Tarzan,"Action,Adventure,Drama"
109,All We Had,Drama
110,Ex Machina,"Drama,Mystery,Sci-Fi"
111,The Belko Experiment,"Action,Horror,Thriller"
112,12 Years a Slave,"Biography,Drama,History"
113,The Bad Batch,"Romance,Sci-Fi"
114,300,"Action,Fantasy,War"
115,Harry Potter and the Deathly Hallows: Part 2,"Adventure,Drama,Fantasy"
116,Office Christmas Party,Comedy
117,The Neon Demon,"Horror,Thriller"
118,Dangal,"Action,Biography,Drama"
119,10 Cloverfield Lane,"Drama,Horror,Mystery"
120,Finding Dory,"Animation,Adventure,Comedy"
121,Miss Peregrine's Home for Peculiar Children,"Adventure,Drama,Family"
122,Divergent,"Adventure,Mystery,Sci-Fi"
123,Mike and Dave Need Wedding Dates,"Adventure,Comedy,Romance"
124,Boyka: Undisputed IV,Action
125,The Dark Knight Rises,"Action,Thriller"
126,The Jungle Book,"Adventure,Drama,Family"
127,Transformers: Age of Extinction,"Action,Adventure,Sci-Fi"
128,Nerve,"Adventure,Crime,Mystery"
129,Mamma Mia!,"Comedy,Family,Musical"
130,The Revenant,"Adventure,Drama,Thriller"
131,Fences,Drama
132,Into the Woods,"Adventure,Comedy,Drama"
133,The Shallows,"Drama,Horror,Thriller"
134,Whiplash,"Drama,Music"
135,Furious 6,"Action,Crime,Thriller"
136,The Place Beyond the Pines,"Crime,Drama,Thriller"
137,No Country for Old Men,"Crime,Drama,Thriller"
138,The Great Gatsby,"Drama,Romance"
139,Shutter Island,"Mystery,Thriller"
140,Brimstone,"Mystery,Thriller,Western"
141,Star Trek,"Action,Adventure,Sci-Fi"
142,Diary of a Wimpy Kid,"Comedy,Family"
143,The Big Short,"Biography,Comedy,Drama"
144,Room,Drama
145,Django Unchained,"Drama,Western"
146,Ah-ga-ssi,"Drama,Mystery,Romance"
147,The Edge of Seventeen,"Comedy,Drama"
148,Watchmen,"Action,Drama,Mystery"
149,Superbad,Comedy
150,Inferno,"Action,Adventure,Crime"
151,The BFG,"Adventure,Family,Fantasy"
152,The Hunger Games,"Adventure,Sci-Fi,Thriller"
153,White Girl,Drama
154,Sicario,"Action,Crime,Drama"
155,Twin Peaks: The Missing Pieces,"Drama,Horror,Mystery"
156,Aliens vs Predator - Requiem,"Action,Horror,Sci-Fi"
157,Pacific Rim,"Action,Adventure,Sci-Fi"
158,"Crazy, Stupid, Love.","Comedy,Drama,Romance"
159,Scott Pilgrim vs. the World,"Action,Comedy,Fantasy"
160,Hot Fuzz,"Action,Comedy,Mystery"
161,Mine,"Thriller,War"
162,Free Fire,"Action,Comedy,Crime"
163,X-Men: Days of Future Past,"Action,Adventure,Sci-Fi"
164,Jack Reacher: Never Go Back,"Action,Adventure,Crime"
165,Casino Royale,"Action,Adventure,Thriller"
166,Twilight,"Drama,Fantasy,Romance"
167,Now You See Me 2,"Action,Adventure,Comedy"
168,Woman in Gold,"Biography,Drama,History"
169,13 Hours,"Action,Drama,History"
170,Spectre,"Action,Adventure,Thriller"
171,Nightcrawler,"Crime,Drama,Thriller"
172,Kubo and the Two Strings,"Animation,Adventure,Family"
173,Beyond the Gates,"Adventure,Horror"
174,Her,"Drama,Romance,Sci-Fi"
175,Frozen,"Animation,Adventure,Comedy"
176,Tomorrowland,"Action,Adventure,Family"
177,Dawn of the Planet of the Apes,"Action,Adventure,Drama"
178,Tropic Thunder,"Action,Comedy"
179,The Conjuring 2,"Horror,Mystery,Thriller"
180,Ant-Man,"Action,Adventure,Comedy"
181,Bridget Jones's Baby,"Comedy,Romance"
182,The VVitch: A New-England Folktale,"Horror,Mystery"
183,Cinderella,"Drama,Family,Fantasy"
184,Realive,Sci-Fi
185,Forushande,"Drama,Thriller"
186,Love,"Drama,Romance"
187,Billy Lynn's Long Halftime Walk,"Drama,War"
188,Crimson Peak,"Drama,Fantasy,Horror"
189,Drive,"Crime,Drama"
190,Trainwreck,"Comedy,Drama,Romance"
191,The Light Between Oceans,"Drama,Romance"
192,Below Her Mouth,Drama
193,Spotlight,"Crime,Drama,History"
194,Morgan,"Horror,Sci-Fi,Thriller"
195,Warrior,"Action,Drama,Sport"
196,Captain America: The First Avenger,"Action,Adventure,Sci-Fi"
197,Hacker,"Crime,Drama,Thriller"
198,Into the Wild,"Adventure,Biography,Drama"
199,The Imitation Game,"Biography,Drama,Thriller"
200,Central Intelligence,"Action,Comedy,Crime"
201,Edge of Tomorrow,"Action,Adventure,Sci-Fi"
202,A Cure for Wellness,"Drama,Fantasy,Horror"
203,Snowden,"Biography,Drama,Thriller"
204,Iron Man,"Action,Adventure,Sci-Fi"
205,Allegiant,"Action,Adventure,Mystery"
206,X: First Class,"Action,Adventure,Sci-Fi"
207,Raw (II),"Drama,Horror"
208,Paterson,"Comedy,Drama,Romance"
209,Bridesmaids,"Comedy,Romance"
210,The Girl with All the Gifts,"Drama,Horror,Thriller"
211,San Andreas,"Action,Adventure,Drama"
212,Spring Breakers,Drama
213,Transformers,"Action,Adventure,Sci-Fi"
214,Old Boy,"Action,Drama,Mystery"
215,Thor: The Dark World,"Action,Adventure,Fantasy"
216,Gods of Egypt,"Action,Adventure,Fantasy"
217,Captain America: The Winter Soldier,"Action,Adventure,Sci-Fi"
218,Monster Trucks,"Action,Adventure,Comedy"
219,A Dark Song,"Drama,Horror"
220,Kick-Ass,"Action,Comedy"
221,Hardcore Henry,"Action,Adventure,Sci-Fi"
222,Cars,"Animation,Adventure,Comedy"
223,It Follows,"Horror,Mystery"
224,The Girl with the Dragon Tattoo,"Crime,Drama,Mystery"
225,We're the Millers,"Comedy,Crime"
226,American Honey,Drama
227,The Lobster,"Comedy,Drama,Romance"
228,Predators,"Action,Adventure,Sci-Fi"
229,Maleficent,"Action,Adventure,Family"
230,Rupture,"Horror,Sci-Fi,Thriller"
231,Pan's Labyrinth,"Drama,Fantasy,War"
232,A Kind of Murder,"Crime,Drama,Thriller"
233,Apocalypto,"Action,Adventure,Drama"
234,Mission: Impossible - Rogue Nation,"Action,Adventure,Thriller"
235,The Huntsman: Winter's War,"Action,Adventure,Drama"
236,The Perks of Being a Wallflower,"Drama,Romance"
237,Jackie,"Biography,Drama,History"
238,The Disappointments Room,"Drama,Horror,Thriller"
239,The Grand Budapest Hotel,"Adventure,Comedy,Drama"
240,The Host,"Action,Adventure,Romance"
241,Fury,"Action,Drama,War"
242,Inside Out,"Animation,Adventure,Comedy"
243,Rock Dog,"Animation,Adventure,Comedy"
244,Terminator Genisys,"Action,Adventure,Sci-Fi"
245,Percy Jackson & the Olympians: The Lightning Thief,"Adventure,Family,Fantasy"
246,Les Misérables,"Drama,Musical,Romance"
247,Children of Men,"Drama,Sci-Fi,Thriller"
248,20th Century Women,"Comedy,Drama"
249,Spy,"Action,Comedy,Crime"
250,The Intouchables,"Biography,Comedy,Drama"
251,Bonjour Anne,"Comedy,Drama,Romance"
252,Kynodontas,"Drama,Thriller"
253,Straight Outta Compton,"Biography,Drama,History"
254,The Amazing Spider-Man 2,"Action,Adventure,Sci-Fi"
255,The Conjuring,"Horror,Mystery,Thriller"
256,The Hangover,Comedy
257,Battleship,"Action,Adventure,Sci-Fi"
258,Rise of the Planet of the Apes,"Action,Drama,Sci-Fi"
259,Lights Out,Horror
260,Norman: The Moderate Rise and Tragic Fall of a New York Fixer,"Drama,Thriller"
261,Birdman or (The Unexpected Virtue of Ignorance),"Comedy,Drama,Romance"
262,Black Swan,"Drama,Thriller"
263,Dear White People,"Comedy,Drama"
264,Nymphomaniac: Vol. I,Drama
265,Teenage Mutant Ninja Turtles: Out of the Shadows,"Action,Adventure,Comedy"
266,Knock Knock,"Drama,Horror,Thriller"
267,Dirty Grandpa,Comedy
268,Cloud Atlas,"Drama,Sci-Fi"
269,X-Men Origins: Wolverine,"Action,Adventure,Sci-Fi"
270,Satanic,Horror
271,Skyfall,"Action,Adventure,Thriller"
272,The Hobbit: An Unexpected Journey,"Adventure,Fantasy"
273,21 Jump Street,"Action,Comedy,Crime"
274,Sing Street,"Comedy,Drama,Music"
275,Ballerina,"Animation,Adventure,Comedy"
276,Oblivion,"Action,Adventure,Mystery"
277,22 Jump Street,"Action,Comedy,Crime"
278,Zodiac,"Crime,Drama,History"
279,Everybody Wants Some!!,Comedy
280,Iron Man Three,"Action,Adventure,Sci-Fi"
281,Now You See Me,"Crime,Mystery,Thriller"
282,Sherlock Holmes,"Action,Adventure,Crime"
283,Death Proof,Thriller
284,The Danish Girl,"Biography,Drama,Romance"
285,Hercules,"Action,Adventure"
286,Sucker Punch,"Action,Fantasy"
287,Keeping Up with the Joneses,"Action,Comedy"
288,Jupiter Ascending,"Action,Adventure,Sci-Fi"
289,Masterminds,"Action,Comedy,Crime"
290,Iris,Thriller
291,Busanhaeng,"Action,Drama,Horror"
292,Pitch Perfect,"Comedy,Music,Romance"
293,Neighbors 2: Sorority Rising,Comedy
294,The Exception,Drama
295,Man of Steel,"Action,Adventure,Fantasy"
296,The Choice,"Drama,Romance"
297,Ice Age: Collision Course,"Animation,Adventure,Comedy"
298,The Devil Wears Prada,"Comedy,Drama"
299,The Infiltrator,"Biography,Crime,Drama"
300,There Will Be Blood,"Drama,History"
301,The Equalizer,"Action,Crime,Thriller"
302,Lone Survivor,"Action,Biography,Drama"
303,The Cabin in the Woods,Horror
304,The House Bunny,"Comedy,Romance"
305,She's Out of My League,"Comedy,Romance"
306,Inherent Vice,"Comedy,Crime,Drama"
307,Alice Through the Looking Glass,"Adventure,Family,Fantasy"
308,Vincent N Roxxy,"Crime,Drama,Thriller"
309,The Fast and the Furious: Tokyo Drift,"Action,Crime,Thriller"
310,How to Be Single,"Comedy,Romance"
311,The Blind Side,"Biography,Drama,Sport"
312,La vie d'Adèle,"Drama,Romance"
313,The Babadook,"Drama,Horror"
314,The Hobbit: The Battle of the Five Armies,"Adventure,Fantasy"
315,Harry Potter and the Order of the Phoenix,"Adventure,Family,Fantasy"
316,Snowpiercer,"Action,Drama,Sci-Fi"
317,The 5th Wave,"Action,Adventure,Sci-Fi"
318,The Stakelander,"Action,Horror"
319,The Visit,"Comedy,Horror,Thriller"
320,Fast Five,"Action,Crime,Thriller"
321,Step Up,"Crime,Drama,Music"
322,Lovesong,Drama
323,RocknRolla,"Action,Crime,Thriller"
324,In Time,"Action,Sci-Fi,Thriller"
325,The Social Network,"Biography,Drama"
326,The Last Witch Hunter,"Action,Adventure,Fantasy"
327,Victor Frankenstein,"Drama,Horror,Sci-Fi"
328,A Street Cat Named Bob,"Biography,Comedy,Drama"
329,Green Room,"Crime,Horror,Thriller"
330,Blackhat,"Crime,Drama,Mystery"
331,Storks,"Animation,Adventure,Comedy"
332,American Sniper,"Action,Biography,Drama"
333,Dallas Buyers Club,"Biography,Drama"
334,Lincoln,"Biography,Drama,History"
335,Rush,"Action,Biography,Drama"
336,Before I Wake,"Drama,Fantasy,Horror"
337,Silver Linings Playbook,"Comedy,Drama,Romance"
338,Tracktown,"Drama,Sport"
339,The Fault in Our Stars,"Drama,Romance"
340,Blended,"Comedy,Romance"
341,Fast & Furious,"Action,Crime,Thriller"
342,Looper,"Action,Crime,Drama"
343,White House Down,"Action,Drama,Thriller"
344,Pete's Dragon,"Adventure,Family,Fantasy"
345,Spider-Man 3,"Action,Adventure"
346,The Three Musketeers,"Action,Adventure,Romance"
347,Stardust,"Adventure,Family,Fantasy"
348,American Hustle,"Crime,Drama"
349,Jennifer's Body,"Comedy,Horror"
350,Midnight in Paris,"Comedy,Fantasy,Romance"
351,Lady Macbeth,Drama
352,Joy,Drama
353,The Dressmaker,"Comedy,Drama"
354,Café Society,"Comedy,Drama,Romance"
355,Insurgent,"Adventure,Sci-Fi,Thriller"
356,Seventh Son,"Action,Adventure,Fantasy"
357,Demain tout commence,"Comedy,Drama"
358,The Theory of Everything,"Biography,Drama,Romance"
359,This Is the End,"Comedy,Fantasy"
360,About Time,"Comedy,Drama,Fantasy"
361,Step Brothers,Comedy
362,Clown,"Horror,Thriller"
363,Star Trek Into Darkness,"Action,Adventure,Sci-Fi"
364,Zombieland,"Adventure,Comedy,Horror"
365,"Hail, Caesar!","Comedy,Mystery"
366,Slumdog Millionaire,Drama
367,The Twilight Saga: Breaking Dawn - Part 2,"Adventure,Drama,Fantasy"
368,American Wrestler: The Wizard,"Drama,Sport"
369,The Amazing Spider-Man,"Action,Adventure"
370,Ben-Hur,"Action,Adventure,Drama"
371,Sleight,"Action,Drama,Sci-Fi"
372,The Maze Runner,"Action,Mystery,Sci-Fi"
373,Criminal,"Action,Crime,Drama"
374,Wanted,"Action,Crime,Fantasy"
375,Florence Foster Jenkins,"Biography,Comedy,Drama"
376,Collide,"Action,Crime,Thriller"
377,Black Mass,"Biography,Crime,Drama"
378,Creed,"Drama,Sport"
379,Swiss Army Man,"Adventure,Comedy,Drama"
380,The Expendables 3,"Action,Adventure,Thriller"
381,What We Do in the Shadows,"Comedy,Fantasy,Horror"
382,Southpaw,"Drama,Sport"
383,Hush,"Horror,Thriller"
384,Bridge of Spies,"Drama,History,Thriller"
385,The Lego Movie,"Animation,Action,Adventure"
386,Everest,"Action,Adventure,Drama"
387,Pixels,"Action,Comedy,Family"
388,Robin Hood,"Action,Adventure,Drama"
389,The Wolverine,"Action,Adventure,Sci-Fi"
390,John Carter,"Action,Adventure,Sci-Fi"
391,Keanu,"Action,Comedy"
392,The Gunman,"Action,Crime,Drama"
393,Steve Jobs,"Biography,Drama"
394,Whisky Galore,"Comedy,Romance"
395,Grown Ups 2,Comedy
396,The Age of Adaline,"Drama,Fantasy,Romance"
397,The Incredible Hulk,"Action,Adventure,Sci-Fi"
398,Couples Retreat,Comedy
399,Absolutely Anything,"Comedy,Sci-Fi"
400,Magic Mike,"Comedy,Drama"
401,Minions,"Animation,Action,Adventure"
402,The Black Room,Horror
403,Bronson,"Action,Biography,Crime"
404,Despicable Me,"Animation,Adventure,Comedy"
405,The Best of Me,"Drama,Romance"
406,The Invitation,"Drama,Mystery,Thriller"
407,Zero Dark Thirty,"Drama,History,Thriller"
408,Tangled,"Animation,Adventure,Comedy"
409,The Hunger Games: Mockingjay - Part 2,"Action,Adventure,Sci-Fi"
410,Vacation,"Adventure,Comedy"
411,Taken,"Action,Thriller"
412,Pitch Perfect 2,"Comedy,Music"
413,Monsters University,"Animation,Adventure,Comedy"
414,Elle,"Crime,Drama,Thriller"
415,Mechanic: Resurrection,"Action,Adventure,Crime"
416,Tusk,"Comedy,Drama,Horror"
417,The Headhunter's Calling,Drama
418,Atonement,"Drama,Mystery,Romance"
419,Harry Potter and the Deathly Hallows: Part 1,"Adventure,Family,Fantasy"
420,Shame,Drama
421,Hanna,"Action,Drama,Thriller"
422,The Babysitters,Drama
423,Pride and Prejudice and Zombies,"Action,Horror,Romance"
424,300: Rise of an Empire,"Action,Drama,Fantasy"
425,London Has Fallen,"Action,Crime,Drama"
426,The Curious Case of Benjamin Button,"Drama,Fantasy,Romance"
427,Sin City: A Dame to Kill For,"Action,Crime,Thriller"
428,The Bourne Ultimatum,"Action,Mystery,Thriller"
429,Srpski film,"Horror,Mystery,Thriller"
430,The Purge: Election Year,"Action,Horror,Sci-Fi"
431,3 Idiots,"Comedy,Drama"
432,Zoolander 2,Comedy
433,World War Z,"Action,Adventure,Horror"
434,Mission: Impossible - Ghost Protocol,"Action,Adventure,Thriller"
435,Let Me Make You a Martyr,"Action,Crime,Drama"
436,Filth,"Comedy,Crime,Drama"
437,The Longest Ride,"Drama,Romance"
438,The imposible,"Drama,Thriller"
439,Kick-Ass 2,"Action,Comedy,Crime"
440,Folk Hero & Funny Guy,Comedy
441,Oz the Great and Powerful,"Adventure,Family,Fantasy"
442,Brooklyn,"Drama,Romance"
443,Coraline,"Animation,Family,Fantasy"
444,Blue Valentine,"Drama,Romance"
445,The Thinning,Thriller
446,Silent Hill,"Adventure,Horror,Mystery"
447,Dredd,"Action,Sci-Fi"
448,Hunt for the Wilderpeople,"Adventure,Comedy,Drama"
449,Big Hero 6,"Animation,Action,Adventure"
450,Carrie,"Drama,Horror"
451,Iron Man 2,"Action,Adventure,Sci-Fi"
452,Demolition,"Comedy,Drama"
453,Pandorum,"Action,Horror,Mystery"
454,Olympus Has Fallen,"Action,Thriller"
455,I Am Number Four,"Action,Adventure,Sci-Fi"
456,Jagten,Drama
457,The Proposal,"Comedy,Drama,Romance"
458,Get Hard,"Comedy,Crime"
459,Just Go with It,"Comedy,Romance"
460,Revolutionary Road,"Drama,Romance"
461,The Town,"Crime,Drama,Thriller"
462,The Boy,"Horror,Mystery,Thriller"
463,Denial,"Biography,Drama"
464,Predestination,"Drama,Mystery,Sci-Fi"
465,Goosebumps,"Adventure,Comedy,Family"
466,Sherlock Holmes: A Game of Shadows,"Action,Adventure,Crime"
467,Salt,"Action,Crime,Mystery"
468,Enemy,"Mystery,Thriller"
469,District 9,"Action,Sci-Fi,Thriller"
470,The Other Guys,"Action,Comedy,Crime"
471,American Gangster,"Biography,Crime,Drama"
472,Marie Antoinette,"Biography,Drama,History"
473,2012,"Action,Adventure,Sci-Fi"
474,Harry Potter and the Half-Blood Prince,"Adventure,Family,Fantasy"
475,Argo,"Biography,Drama,History"
476,Eddie the Eagle,"Biography,Comedy,Drama"
477,The Lives of Others,"Drama,Thriller"
478,Pet,"Horror,Thriller"
479,Paint It Black,Drama
480,Macbeth,"Drama,War"
481,Forgetting Sarah Marshall,"Comedy,Drama,Romance"
482,The Giver,"Drama,Romance,Sci-Fi"
483,Triple 9,"Action,Crime,Drama"
484,Perfetti sconosciuti,"Comedy,Drama"
485,Angry Birds,"Animation,Action,Adventure"
486,Moonrise Kingdom,"Adventure,Comedy,Drama"
487,Hairspray,"Comedy,Drama,Family"
488,Safe Haven,"Drama,Romance,Thriller"
489,Focus,"Comedy,Crime,Drama"
490,Ratatouille,"Animation,Comedy,Family"
491,Stake Land,"Drama,Horror,Sci-Fi"
492,The Book of Eli,"Action,Adventure,Drama"
493,Cloverfield,"Action,Horror,Sci-Fi"
494,Point Break,"Action,Crime,Sport"
495,Under the Skin,"Drama,Horror,Sci-Fi"
496,I Am Legend,"Drama,Horror,Sci-Fi"
497,Men in Black 3,"Action,Adventure,Comedy"
498,Super 8,"Mystery,Sci-Fi,Thriller"
499,Law Abiding Citizen,"Crime,Drama,Thriller"
500,Up,"Animation,Adventure,Comedy"
501,Maze Runner: The Scorch Trials,"Action,Sci-Fi,Thriller"
502,Carol,"Drama,Romance"
503,Imperium,"Crime,Drama,Thriller"
504,Youth,"Comedy,Drama,Music"
505,Mr. Nobody,"Drama,Fantasy,Romance"
506,City of Tiny Lights,"Crime,Drama,Thriller"
507,Savages,"Crime,Drama,Thriller"
508,(500) Days of Summer,"Comedy,Drama,Romance"
509,Movie 43,"Comedy,Romance"
510,Gravity,"Drama,Sci-Fi,Thriller"
511,The Boy in the Striped Pyjamas,"Drama,War"
512,Shooter,"Action,Crime,Drama"
513,The Happening,"Sci-Fi,Thriller"
514,Bone Tomahawk,"Adventure,Drama,Horror"
515,Magic Mike XXL,"Comedy,Drama,Music"
516,Easy A,"Comedy,Drama,Romance"
517,Exodus: Gods and Kings,"Action,Adventure,Drama"
518,Chappie,"Action,Crime,Drama"
519,The Hobbit: The Desolation of Smaug,"Adventure,Fantasy"
520,Half of a Yellow Sun,"Drama,Romance"
521,Anthropoid,"Biography,History,Thriller"
522,The Counselor,"Crime,Drama,Thriller"
523,Viking,"Action,Drama,History"
524,Whiskey Tango Foxtrot,"Biography,Comedy,Drama"
525,Trust,"Crime,Drama,Thriller"
526,Birth of the Dragon,"Action,Biography,Drama"
527,Elysium,"Action,Drama,Sci-Fi"
528,The Green Inferno,"Adventure,Horror"
529,Godzilla,"Action,Adventure,Sci-Fi"
530,The Bourne Legacy,"Action,Adventure,Mystery"
531,A Good Year,"Comedy,Drama,Romance"
532,Friend Request,"Horror,Thriller"
533,Deja Vu,"Action,Sci-Fi,Thriller"
534,Lucy,"Action,Sci-Fi,Thriller"
535,A Quiet Passion,"Biography,Drama"
536,Need for Speed,"Action,Crime,Drama"
537,Jack Reacher,"Action,Crime,Mystery"
538,The Do-Over,"Action,Adventure,Comedy"
539,True Crimes,"Crime,Drama,Thriller"
540,American Pastoral,"Crime,Drama"
541,The Ghost Writer,"Mystery,Thriller"
542,Limitless,"Mystery,Sci-Fi,Thriller"
543,Spectral,"Action,Mystery,Sci-Fi"
544,P.S. I Love You,"Drama,Romance"
545,Zipper,"Drama,Thriller"
546,Midnight Special,"Drama,Mystery,Sci-Fi"
547,Don't Think Twice,"Comedy,Drama"
548,Alice in Wonderland,"Adventure,Family,Fantasy"
549,Chuck,"Biography,Drama,Sport"
550,"I, Daniel Blake",Drama
551,The Break-Up,"Comedy,Drama,Romance"
552,Loving,"Biography,Drama,Romance"
553,Fantastic Four,"Action,Adventure,Sci-Fi"
554,The Survivalist,"Drama,Sci-Fi,Thriller"
555,Colonia,"Drama,Romance,Thriller"
556,The Boy Next Door,"Mystery,Thriller"
557,The Gift,"Mystery,Thriller"
558,Dracula Untold,"Action,Drama,Fantasy"
559,In the Heart of the Sea,"Action,Adventure,Biography"
560,Idiocracy,"Adventure,Comedy,Sci-Fi"
561,The Expendables,"Action,Adventure,Thriller"
562,Evil Dead,"Fantasy,Horror"
563,Sinister,"Horror,Mystery"
564,Wreck-It Ralph,"Animation,Adventure,Comedy"
565,Snow White and the Huntsman,"Action,Adventure,Drama"
566,Pan,"Adventure,Family,Fantasy"
567,Transformers: Dark of the Moon,"Action,Adventure,Sci-Fi"
568,Juno,"Comedy,Drama"
569,A Hologram for the King,"Comedy,Drama"
570,Money Monster,"Crime,Drama,Thriller"
571,The Other Woman,"Comedy,Romance"
572,Enchanted,"Animation,Comedy,Family"
573,The Intern,"Comedy,Drama"
574,Little Miss Sunshine,"Comedy,Drama"
575,Bleed for This,"Biography,Drama,Sport"
576,Clash of the Titans,"Action,Adventure,Fantasy"
577,The Finest Hours,"Action,Drama,History"
578,Tron,"Action,Adventure,Sci-Fi"
579,The Hunger Games: Catching Fire,"Action,Adventure,Mystery"
580,All Good Things,"Crime,Drama,Mystery"
581,Kickboxer: Vengeance,Action
582,The Last Airbender,"Action,Adventure,Family"
583,Sex Tape,"Comedy,Romance"
584,What to Expect When You're Expecting,"Comedy,Drama,Romance"
585,Moneyball,"Biography,Drama,Sport"
586,Ghost Rider,"Action,Fantasy,Thriller"
587,Unbroken,"Biography,Drama,Sport"
588,Immortals,"Action,Drama,Fantasy"
589,Sunshine,"Adventure,Sci-Fi,Thriller"
590,Brave,"Animation,Adventure,Comedy"
591,Män som hatar kvinnor,"Drama,Mystery,Thriller"
592,Adoration,"Drama,Romance"
593,The Drop,"Crime,Drama,Mystery"
594,She's the Man,"Comedy,Romance,Sport"
595,Daddy's Home,"Comedy,Family"
596,Let Me In,"Drama,Horror,Mystery"
597,Never Back Down,"Action,Drama,Sport"
598,Grimsby,"Action,Adventure,Comedy"
599,Moon,"Drama,Mystery,Sci-Fi"
600,Megamind,"Animation,Action,Comedy"
601,Gangster Squad,"Action,Crime,Drama"
602,Blood Father,"Action,Crime,Drama"
603,He's Just Not That Into You,"Comedy,Drama,Romance"
604,Kung Fu Panda 3,"Animation,Action,Adventure"
605,The Rise of the Krays,"Crime,Drama"
606,Handsome Devil,Drama
607,Winter's Bone,Drama
608,Horrible Bosses,"Comedy,Crime"
609,Mommy,Drama
610,Hellboy II: The Golden Army,"Action,Adventure,Fantasy"
611,Beautiful Creatures,"Drama,Fantasy,Romance"
612,Toni Erdmann,"Comedy,Drama"
613,The Lovely Bones,"Drama,Fantasy,Thriller"
614,The Assassination of Jesse James by the Coward Robert Ford,"Biography,Crime,Drama"
615,Don Jon,"Comedy,Drama,Romance"
616,Bastille Day,"Action,Crime,Drama"
617,2307: Winter's Dream,Sci-Fi
618,Free State of Jones,"Action,Biography,Drama"
619,Mr. Right,"Action,Comedy,Romance"
620,The Secret Life of Walter Mitty,"Adventure,Comedy,Drama"
621,Dope,"Comedy,Crime,Drama"
622,Underworld Awakening,"Action,Fantasy,Horror"
623,Antichrist,"Drama,Horror"
624,Friday the 13th,Horror
625,Taken 3,"Action,Thriller"
626,Total Recall,"Action,Adventure,Mystery"
627,X-Men: The Last Stand,"Action,Adventure,Fantasy"
628,The Escort,"Comedy,Drama,Romance"
629,The Whole Truth,"Crime,Drama,Mystery"
630,Night at the Museum: Secret of the Tomb,"Adventure,Comedy,Family"
631,Love & Other Drugs,"Comedy,Drama,Romance"
632,The Interview,Comedy
633,The Host,"Comedy,Drama,Horror"
634,Megan Is Missing,"Drama,Horror,Thriller"
635,WALL·E,"Animation,Adventure,Family"
636,Knocked Up,"Comedy,Romance"
637,Source Code,"Mystery,Romance,Sci-Fi"
638,Lawless,"Crime,Drama"
639,Unfriended,"Drama,Horror,Mystery"
640,American Reunion,Comedy
641,The Pursuit of Happyness,"Biography,Drama"
642,Relatos salvajes,"Comedy,Drama,Thriller"
643,The Ridiculous 6,"Comedy,Western"
644,Frantz,"Drama,History,War"
645,Viral,"Drama,Horror,Sci-Fi"
646,Gran Torino,Drama
647,Burnt,"Comedy,Drama"
648,Tall Men,"Fantasy,Horror,Thriller"
649,Sleeping Beauty,"Drama,Romance"
650,Vampire Academy,"Action,Comedy,Fantasy"
651,Sweeney Todd: The Demon Barber of Fleet Street,"Drama,Horror,Musical"
652,Solace,"Crime,Drama,Mystery"
653,Insidious,"Horror,Mystery,Thriller"
654,Popstar: Never Stop Never Stopping,"Comedy,Music"
655,The Levelling,Drama
656,Public Enemies,"Biography,Crime,Drama"
657,Boyhood,Drama
658,Teenage Mutant Ninja Turtles,"Action,Adventure,Comedy"
659,Eastern Promises,"Crime,Drama,Mystery"
660,The Daughter,Drama
661,Pineapple Express,"Action,Comedy,Crime"
662,The First Time,"Comedy,Drama,Romance"
663,Gone Baby Gone,"Crime,Drama,Mystery"
664,The Heat,"Action,Comedy,Crime"
665,L'avenir,Drama
666,Anna Karenina,"Drama,Romance"
667,Regression,"Crime,Drama,Mystery"
668,Ted 2,"Adventure,Comedy,Romance"
669,Pain & Gain,"Comedy,Crime,Drama"
670,Blood Diamond,"Adventure,Drama,Thriller"
671,Devil's Knot,"Biography,Crime,Drama"
672,Child 44,"Crime,Drama,Thriller"
673,The Hurt Locker,"Drama,History,Thriller"
674,Green Lantern,"Action,Adventure,Sci-Fi"
675,War on Everyone,"Action,Comedy"
676,The Mist,Horror
677,Escape Plan,"Action,Crime,Mystery"
678,"Love, Rosie","Comedy,Romance"
679,The DUFF,Comedy
680,The Age of Shadows,"Action,Drama,Thriller"
681,The Hunger Games: Mockingjay - Part 1,"Action,Adventure,Sci-Fi"
682,We Need to Talk About Kevin,"Drama,Mystery,Thriller"
683,Love & Friendship,"Comedy,Drama,Romance"
684,The Mortal Instruments: City of Bones,"Action,Fantasy,Horror"
685,Seven Pounds,"Drama,Romance"
686,The King's Speech,"Biography,Drama"
687,Hunger,"Biography,Drama"
688,Jumper,"Action,Adventure,Sci-Fi"
689,Toy Story 3,"Animation,Adventure,Comedy"
690,Tinker Tailor Soldier Spy,"Drama,Mystery,Thriller"
691,Resident Evil: Retribution,"Action,Horror,Sci-Fi"
692,Dear Zindagi,"Drama,Romance"
693,Genius,"Biography,Drama"
694,Pompeii,"Action,Adventure,Drama"
695,Life of Pi,"Adventure,Drama,Fantasy"
696,Hachi: A Dog's Tale,"Drama,Family"
697,10 Years,"Comedy,Drama,Romance"
698,I Origins,"Drama,Romance,Sci-Fi"
699,Live Free or Die Hard,"Action,Adventure,Thriller"
700,The Matchbreaker,"Comedy,Romance"
701,Funny Games,"Crime,Drama,Horror"
702,Ted,"Comedy,Fantasy"
703,RED,"Action,Comedy,Crime"
704,Australia,"Adventure,Drama,Romance"
705,Faster,"Action,Crime,Drama"
706,The Neighbor,"Crime,Horror,Thriller"
707,The Adjustment Bureau,"Romance,Sci-Fi,Thriller"
708,The Hollars,"Comedy,Drama,Romance"
709,The Judge,"Crime,Drama"
710,Closed Circuit,"Crime,Drama,Mystery"
711,Transformers: Revenge of the Fallen,"Action,Adventure,Sci-Fi"
712,La tortue rouge,"Animation,Fantasy"
713,The Book of Life,"Animation,Adventure,Comedy"
714,Incendies,"Drama,Mystery,War"
715,The Heartbreak Kid,"Comedy,Romance"
716,Happy Feet,"Animation,Comedy,Family"
717,Entourage,Comedy
718,The Strangers,"Horror,Mystery,Thriller"
719,Noah,"Action,Adventure,Drama"
720,Neighbors,Comedy
721,Nymphomaniac: Vol. II,Drama
722,Wild,"Adventure,Biography,Drama"
723,Grown Ups,Comedy
724,Blair Witch,"Horror,Thriller"
725,The Karate Kid,"Action,Drama,Family"
726,Dark Shadows,"Comedy,Fantasy,Horror"
727,Friends with Benefits,"Comedy,Romance"
728,The Illusionist,"Drama,Mystery,Romance"
729,The A-Team,"Action,Adventure,Comedy"
730,The Guest,Thriller
731,The Internship,Comedy
732,Paul,"Adventure,Comedy,Sci-Fi"
733,This Beautiful Fantastic,"Comedy,Drama,Fantasy"
734,The Da Vinci Code,"Mystery,Thriller"
735,Mr. Church,"Comedy,Drama"
736,Hugo,"Adventure,Drama,Family"
737,The Blackcoat's Daughter,"Horror,Thriller"
738,Body of Lies,"Action,Drama,Romance"
739,Knight of Cups,"Drama,Romance"
740,The Mummy: Tomb of the Dragon Emperor,"Action,Adventure,Fantasy"
741,The Boss,Comedy
742,Hands of Stone,"Action,Biography,Drama"
743,El secreto de sus ojos,"Drama,Mystery,Romance"
744,True Grit,"Adventure,Drama,Western"
745,We Are Your Friends,"Drama,Music,Romance"
746,A Million Ways to Die in the West,"Comedy,Romance,Western"
747,Only for One Night,Thriller
748,Rules Don't Apply,"Comedy,Drama,Romance"
749,Ouija: Origin of Evil,"Horror,Thriller"
750,Percy Jackson: Sea of Monsters,"Adventure,Family,Fantasy"
751,Fracture,"Crime,Drama,Mystery"
752,Oculus,"Horror,Mystery"
753,In Bruges,"Comedy,Crime,Drama"
754,This Means War,"Action,Comedy,Romance"
755,Lída Baarová,"Biography,Drama,History"
756,The Road,"Adventure,Drama"
757,Lavender,"Drama,Thriller"
758,Deuces,Drama
759,Conan the Barbarian,"Action,Adventure,Fantasy"
760,The Fighter,"Action,Biography,Drama"
761,August Rush,"Drama,Music"
762,Chef,"Comedy,Drama"
763,Eye in the Sky,"Drama,Thriller,War"
764,Eagle Eye,"Action,Mystery,Thriller"
765,The Purge,"Horror,Sci-Fi,Thriller"
766,PK,"Comedy,Drama,Romance"
767,Ender's Game,"Action,Sci-Fi"
768,Indiana Jones and the Kingdom of the Crystal Skull,"Action,Adventure,Fantasy"
769,Paper Towns,"Drama,Mystery,Romance"
770,High-Rise,Drama
771,Quantum of Solace,"Action,Adventure,Thriller"
772,The Assignment,"Action,Crime,Thriller"
773,How to Train Your Dragon,"Animation,Action,Adventure"
774,Lady in the Water,"Drama,Fantasy,Mystery"
775,The Fountain,"Drama,Sci-Fi"
776,Cars 2,"Animation,Adventure,Comedy"
777,31,"Horror,Thriller"
778,Final Girl,"Action,Thriller"
779,Chalk It Up,Comedy
780,The Man Who Knew Infinity,"Biography,Drama"
781,Unknown,"Action,Mystery,Thriller"
782,Self/less,"Action,Mystery,Sci-Fi"
783,Mr. Brooks,"Crime,Drama,Thriller"
784,Tramps,"Comedy,Romance"
785,Before We Go,"Comedy,Drama,Romance"
786,Captain Phillips,"Biography,Drama,Thriller"
787,The Secret Scripture,Drama
788,Max Steel,"Action,Adventure,Family"
789,Hotel Transylvania 2,"Animation,Comedy,Family"
790,Hancock,"Action,Crime,Drama"
791,Sisters,Comedy
792,The Family,"Comedy,Crime,Thriller"
793,Zack and Miri Make a Porno,"Comedy,Romance"
794,Ma vie de Courgette,"Animation,Comedy,Drama"
795,Man on a Ledge,"Action,Crime,Thriller"
796,No Strings Attached,"Comedy,Romance"
797,Rescue Dawn,"Adventure,Biography,Drama"
798,Despicable Me 2,"Animation,Adventure,Comedy"
799,A Walk Among the Tombstones,"Crime,Drama,Mystery"
800,The World's End,"Action,Comedy,Sci-Fi"
801,Yoga Hosers,"Comedy,Fantasy,Horror"
802,Seven Psychopaths,"Comedy,Crime"
803,Beowulf,"Animation,Action,Adventure"
804,Jack Ryan: Shadow Recruit,"Action,Drama,Thriller"
805,1408,"Fantasy,Horror"
806,The Gambler,"Crime,Drama,Thriller"
807,Prince of Persia: The Sands of Time,"Action,Adventure,Fantasy"
808,The Spectacular Now,"Comedy,Drama,Romance"
809,A United Kingdom,"Biography,Drama,Romance"
810,USS Indianapolis: Men of Courage,"Action,Drama,History"
811,Turbo Kid,"Action,Adventure,Comedy"
812,Mama,"Horror,Thriller"
813,Orphan,"Horror,Mystery,Thriller"
814,To Rome with Love,"Comedy,Romance"
815,Fantastic Mr. Fox,"Animation,Adventure,Comedy"
816,Inside Man,"Crime,Drama,Mystery"
817,I.T.,"Crime,Drama,Mystery"
818,127 Hours,"Adventure,Biography,Drama"
819,Annabelle,"Horror,Mystery,Thriller"
820,Wolves at the Door,"Horror,Thriller"
821,Suite Française,"Drama,Romance,War"
822,The Imaginarium of Doctor Parnassus,"Adventure,Fantasy,Mystery"
823,G.I. Joe: The Rise of Cobra,"Action,Adventure,Sci-Fi"
824,Christine,"Biography,Drama"
825,Man Down,"Drama,Thriller"
826,Crawlspace,"Horror,Thriller"
827,Shut In,"Drama,Horror,Thriller"
828,The Warriors Gate,"Action,Adventure,Fantasy"
829,Grindhouse,"Action,Horror,Thriller"
830,Disaster Movie,Comedy
831,Rocky Balboa,"Drama,Sport"
832,Diary of a Wimpy Kid: Dog Days,"Comedy,Family"
833,Jane Eyre,"Drama,Romance"
834,Fool's Gold,"Action,Adventure,Comedy"
835,The Dictator,Comedy
836,The Loft,"Mystery,Romance,Thriller"
837,Bacalaureat,"Crime,Drama"
838,You Don't Mess with the Zohan,"Action,Comedy"
839,Exposed,"Crime,Drama,Mystery"
840,Maudie,"Biography,Drama,Romance"
841,Horrible Bosses 2,"Comedy,Crime"
842,A Bigger Splash,"Drama,Thriller"
843,Melancholia,Drama
844,The Princess and the Frog,"Animation,Adventure,Comedy"
845,Unstoppable,"Action,Thriller"
846,Flight,"Drama,Thriller"
847,Home,"Animation,Adventure,Comedy"
848,La migliore offerta,"Crime,Drama,Mystery"
849,Mean Dreams,Thriller
850,42,"Biography,Drama,Sport"
851,21,"Crime,Drama,Thriller"
852,Begin Again,"Drama,Music"
853,Out of the Furnace,"Crime,Drama,Thriller"
854,Vicky Cristina Barcelona,"Drama,Romance"
855,Kung Fu Panda,"Animation,Action,Adventure"
856,Barbershop: The Next Cut,"Comedy,Drama"
857,Terminator Salvation,"Action,Adventure,Drama"
858,Freedom Writers,"Biography,Crime,Drama"
859,The Hills Have Eyes,Horror
860,Changeling,"Biography,Drama,Mystery"
861,Remember Me,"Drama,Romance"
862,Koe no katachi,"Animation,Drama,Romance"
863,"Alexander and the Terrible, Horrible, No Good, Very Bad Day","Comedy,Family"
864,Locke,Drama
865,The 9th Life of Louis Drax,"Mystery,Thriller"
866,Horns,"Drama,Fantasy,Horror"
867,Indignation,"Drama,Romance"
868,The Stanford Prison Experiment,"Biography,Drama,History"
869,Diary of a Wimpy Kid: Rodrick Rules,"Comedy,Family"
870,Mission: Impossible III,"Action,Adventure,Thriller"
871,En man som heter Ove,"Comedy,Drama"
872,Dragonball Evolution,"Action,Adventure,Fantasy"
873,Red Dawn,"Action,Thriller"
874,One Day,"Drama,Romance"
875,Life as We Know It,"Comedy,Drama,Romance"
876,28 Weeks Later,"Drama,Horror,Sci-Fi"
877,Warm Bodies,"Comedy,Horror,Romance"
878,Blue Jasmine,Drama
879,G.I. Joe: Retaliation,"Action,Adventure,Sci-Fi"
880,Wrath of the Titans,"Action,Adventure,Fantasy"
881,Shin Gojira,"Action,Adventure,Drama"
882,Saving Mr. Banks,"Biography,Comedy,Drama"
883,Transcendence,"Drama,Mystery,Romance"
884,Rio,"Animation,Adventure,Comedy"
885,Equals,"Drama,Romance,Sci-Fi"
886,Babel,Drama
887,The Tree of Life,"Drama,Fantasy"
888,The Lucky One,"Drama,Romance"
889,Piranha 3D,"Comedy,Horror,Thriller"
890,50/50,"Comedy,Drama,Romance"
891,The Intent,"Crime,Drama"
892,This Is 40,"Comedy,Romance"
893,Real Steel,"Action,Drama,Family"
894,Sex and the City,"Comedy,Drama,Romance"
895,Rambo,"Action,Thriller,War"
896,Planet Terror,"Action,Comedy,Horror"
897,Concussion,"Biography,Drama,Sport"
898,The Fall,"Adventure,Comedy,Drama"
899,The Ugly Truth,"Comedy,Romance"
900,Bride Wars,"Comedy,Romance"
901,Sleeping with Other People,"Comedy,Drama,Romance"
902,Snakes on a Plane,"Action,Adventure,Crime"
903,What If,"Comedy,Romance"
904,How to Train Your Dragon 2,"Animation,Action,Adventure"
905,RoboCop,"Action,Crime,Sci-Fi"
906,In Dubious Battle,Drama
907,"Hello, My Name Is Doris","Comedy,Drama,Romance"
908,Ocean's Thirteen,"Crime,Thriller"
909,Slither,"Comedy,Horror,Sci-Fi"
910,Contagion,"Drama,Thriller"
911,Il racconto dei racconti - Tale of Tales,"Drama,Fantasy,Horror"
912,I Am the Pretty Thing That Lives in the House,Thriller
913,Bridge to Terabithia,"Adventure,Drama,Family"
914,Coherence,"Mystery,Sci-Fi,Thriller"
915,Notorious,"Biography,Crime,Drama"
916,Goksung,"Drama,Fantasy,Horror"
917,The Expendables 2,"Action,Adventure,Thriller"
918,The Girl Next Door,"Crime,Drama,Horror"
919,Perfume: The Story of a Murderer,"Crime,Drama,Fantasy"
920,The Golden Compass,"Adventure,Family,Fantasy"
921,Centurion,"Action,Adventure,Drama"
922,Scouts Guide to the Zombie Apocalypse,"Action,Comedy,Horror"
923,17 Again,"Comedy,Drama,Family"
924,No Escape,"Action,Thriller"
925,Superman Returns,"Action,Adventure,Sci-Fi"
926,The Twilight Saga: Breaking Dawn - Part 1,"Adventure,Drama,Fantasy"
927,Precious,Drama
928,The Sea of Trees,Drama
929,Good Kids,Comedy
930,The Master,Drama
931,Footloose,"Comedy,Drama,Music"
932,If I Stay,"Drama,Fantasy,Music"
933,The Ticket,Drama
934,Detour,Thriller
935,The Love Witch,"Comedy,Horror"
936,Talladega Nights: The Ballad of Ricky Bobby,"Action,Comedy,Sport"
937,The Human Centipede (First Sequence),Horror
938,Super,"Comedy,Drama"
939,The Siege of Jadotville,"Action,Drama,Thriller"
940,Up in the Air,"Drama,Romance"
941,The Midnight Meat Train,"Horror,Mystery"
942,The Twilight Saga: Eclipse,"Adventure,Drama,Fantasy"
943,Transpecos,Thriller
944,What's Your Number?,"Comedy,Romance"
945,Riddick,"Action,Sci-Fi,Thriller"
946,Triangle,"Fantasy,Mystery,Thriller"
947,The Butler,"Biography,Drama"
948,King Cobra,"Crime,Drama"
949,After Earth,"Action,Adventure,Sci-Fi"
950,Kicks,Adventure
951,Me and Earl and the Dying Girl,"Comedy,Drama"
952,The Descendants,"Comedy,Drama"
953,Sex and the City 2,"Comedy,Drama,Romance"
954,The Kings of Summer,"Adventure,Comedy,Drama"
955,Death Race,"Action,Sci-Fi,Thriller"
956,That Awkward Moment,"Comedy,Romance"
957,Legion,"Action,Fantasy,Horror"
958,End of Watch,"Crime,Drama,Thriller"
959,3 Days to Kill,"Action,Drama,Thriller"
960,Lucky Number Slevin,"Crime,Drama,Mystery"
961,Trance,"Crime,Drama,Mystery"
962,Into the Forest,"Drama,Sci-Fi,Thriller"
963,The Other Boleyn Girl,"Biography,Drama,History"
964,I Spit on Your Grave,"Crime,Horror,Thriller"
965,Custody,Drama
966,Inland Empire,"Drama,Mystery,Thriller"
967,L'odyssée,"Adventure,Biography"
968,The Walk,"Adventure,Biography,Crime"
969,Wrecker,"Action,Horror,Thriller"
970,The Lone Ranger,"Action,Adventure,Western"
971,Texas Chainsaw 3D,"Horror,Thriller"
972,Disturbia,"Drama,Mystery,Thriller"
973,Rock of Ages,"Comedy,Drama,Musical"
974,Scream 4,"Horror,Mystery"
975,Queen of Katwe,"Biography,Drama,Sport"
976,My Big Fat Greek Wedding 2,"Comedy,Family,Romance"
977,Dark Places,"Drama,Mystery,Thriller"
978,Amateur Night,Comedy
979,It's Only the End of the World,Drama
980,The Skin I Live In,"Drama,Thriller"
981,Miracles from Heaven,"Biography,Drama,Family"
982,Annie,"Comedy,Drama,Family"
983,Across the Universe,"Drama,Fantasy,Musical"
984,Let's Be Cops,Comedy
985,Max,"Adventure,Family"
986,Your Highness,"Adventure,Comedy,Fantasy"
987,Final Destination 5,"Horror,Thriller"
988,Endless Love,"Drama,Romance"
989,Martyrs,Horror
990,Selma,"Biography,Drama,History"
991,Underworld: Rise of the Lycans,"Action,Adventure,Fantasy"
992,Taare Zameen Par,"Drama,Family,Music"
993,Take Me Home Tonight,"Comedy,Drama,Romance"
994,Resident Evil: Afterlife,"Action,Adventure,Horror"
995,Project X,Comedy
996,Secret in Their Eyes,"Crime,Drama,Mystery"
997,Hostel: Part II,Horror
998,Step Up 2: The Streets,"Drama,Music,Romance"
999,Search Party,"Adventure,Comedy"
1000,Nine Lives,"Comedy,Family,Fantasy"
